rank,feature_id,score
1,324,-0.002024566289037466
2,6582,-0.0010975317563861609
3,1061,-0.000898163125384599
4,4917,-0.0007579437224194407
5,7225,-0.0007093291496858001
6,3361,-0.000570300966501236
7,3219,-0.0005261958576738834
8,1111,-0.00046050819219090044
9,8775,-0.0004588908050209284
10,6445,-0.0004582835244946182
