rank,feature_id,score
1,7366,-0.003076146123930812
2,4237,-0.001180757419206202
3,4637,-0.0011569918133318424
4,9989,-0.0008325210073962808
5,531,-0.0008056668448261917
6,1309,-0.0007519040373153985
7,1788,-0.0006597375613637269
8,9544,-0.0006234318134374917
9,1544,-0.0004842126800213009
10,878,-0.0004006607341580093
