step_idx,timestep,steer_value,baseline_value
0,999,18.21875,19.21875
1,749,8.7578125,15.96875
2,499,11.50701904296875,19.734375
3,249,8.578125,13.6650390625
