step_idx,timestep,steer_value,baseline_value
0,999,2.1240234375,0.66357421875
1,749,2.70654296875,0.287353515625
2,499,0.89892578125,0.5263671875
3,249,1.665283203125,0.68023681640625
