step_idx,timestep,steer_value,baseline_value
0,999,1.4326171875,1.4326171875
1,749,5.43359375,2.796875
2,499,5.28515625,2.0234375
3,249,4.13409423828125,1.5146484375
