step_idx,timestep,steer_value,baseline_value
0,999,0.208740234375,0.0
1,749,0.072021484375,0.0
2,499,0.74951171875,0.59539794921875
3,249,0.7119140625,0.49664306640625
